Workbook

Sheet Resumen mensual
A1: Resumen mensual de flota — Septiembre 2026
A2: Fuente: Gestya (Distancias Diarias). Km mes = suma de la hoja 'Km diarios'.
A4: Vehículo | B4: Km mes (odómetro) | C4: Km GPS calculado | D4: Diferencia GPS vs odómetro | E4: Días con uso | F4: Prom. km/día activo | G4: % km de la flota | H4: Vel. máxima (km/h) | I4: Vel. promedio (km/h) | J4: Superó 120 km/h | K4: Horas en movimiento | L4: Horas detenido
A5: CITROEN (NWG 124) | B5: ='Km diarios'!AF5 -> 714 | C5: 654.12 | D5: =C5-B5 -> -59.88 | E5: ='Km diarios'!AG5 -> 7 | F5: ='Km diarios'!AH5 -> 102 | G5: =IFERROR(B5/B$16,0) -> 0.03023374 | H5: 114 | I5: 25 | J5: =IF(H5>120,"SÍ","No") -> No | K5: 21.75 | L5: 78.4
A6: FORD (AE 241 FS) | B6: ='Km diarios'!AF6 -> 1136 | C6: 2341.43 | D6: =C6-B6 -> 1205.43 | E6: ='Km diarios'!AG6 -> 13 | F6: ='Km diarios'!AH6 -> 87.384615 | G6: =IFERROR(B6/B$16,0) -> 0.048102981 | H6: 90 | I6: 34 | J6: =IF(H6>120,"SÍ","No") -> No | K6: 27.47 | L6: 156.95
A7: FORD (AF 630 PC) | B7: ='Km diarios'!AF7 -> 2927 | C7: 2736.89 | D7: =C7-B7 -> -190.11 | E7: ='Km diarios'!AG7 -> 25 | F7: ='Km diarios'!AH7 -> 117.08 | G7: =IFERROR(B7/B$16,0) -> 0.1239414 | H7: 122 | I7: 24 | J7: =IF(H7>120,"SÍ","No") -> SÍ | K7: 96.24 | L7: 171.81
A8: M BENZ (AG 281 ZJ) | B8: ='Km diarios'!AF8 -> 6401 | C8: 5758.91 | D8: =C8-B8 -> -642.09 | E8: ='Km diarios'!AG8 -> 21 | F8: ='Km diarios'!AH8 -> 304.80952 | G8: =IFERROR(B8/B$16,0) -> 0.27104505 | H8: 92 | I8: 57 | J8: =IF(H8>120,"SÍ","No") -> No | K8: 88.49 | L8: 554.91
A9: M. BENZ (AE 149 OR) | B9: ='Km diarios'!AF9 -> 1558 | C9: 1432.4 | D9: =C9-B9 -> -125.6 | E9: ='Km diarios'!AG9 -> 23 | F9: ='Km diarios'!AH9 -> 67.73913 | G9: =IFERROR(B9/B$16,0) -> 0.065972222 | H9: 95 | I9: 20 | J9: =IF(H9>120,"SÍ","No") -> No | K9: 61.39 | L9: 170.55
A10: M. BENZ (OUG 184) | B10: ='Km diarios'!AF10 -> 279 | C10: 261.21 | D10: =C10-B10 -> -17.79 | E10: ='Km diarios'!AG10 -> 11 | F10: ='Km diarios'!AH10 -> 25.363636 | G10: =IFERROR(B10/B$16,0) -> 0.011814024 | H10: 81 | I10: 19 | J10: =IF(H10>120,"SÍ","No") -> No | K10: 11.21 | L10: 707.8
A11: RENAULT (AE 547 NW) | B11: ='Km diarios'!AF11 -> 2721 | C11: 2613.67 | D11: =C11-B11 -> -107.33 | E11: ='Km diarios'!AG11 -> 26 | F11: ='Km diarios'!AH11 -> 104.65385 | G11: =IFERROR(B11/B$16,0) -> 0.1152185 | H11: 174 | I11: 31 | J11: =IF(H11>120,"SÍ","No") -> SÍ | K11: 63.93 | L11: 241.82
A12: RENAULT (AE 615 LU) | B12: ='Km diarios'!AF12 -> 1707 | C12: 1524.85 | D12: =C12-B12 -> -182.15 | E12: ='Km diarios'!AG12 -> 25 | F12: ='Km diarios'!AH12 -> 68.28 | G12: =IFERROR(B12/B$16,0) -> 0.072281504 | H12: 127 | I12: 23 | J12: =IF(H12>120,"SÍ","No") -> SÍ | K12: 54.76 | L12: 415.64
A13: RENAULT (AF 751 HM) | B13: ='Km diarios'!AF13 -> 0 | C13: 0 | D13: =C13-B13 -> 0 | E13: ='Km diarios'!AG13 -> 0 | F13: ='Km diarios'!AH13 -> 0 | G13: =IFERROR(B13/B$16,0) -> 0 | H13: 0 | I13: 0 | J13: =IF(H13>120,"SÍ","No") -> No | K13: 0 | L13: 718.97
A14: RENAULT (AH 387 NS) | B14: ='Km diarios'!AF14 -> 2663 | C14: 2400.68 | D14: =C14-B14 -> -262.32 | E14: ='Km diarios'!AG14 -> 26 | F14: ='Km diarios'!AH14 -> 102.42308 | G14: =IFERROR(B14/B$16,0) -> 0.11276253 | H14: 103 | I14: 24 | J14: =IF(H14>120,"SÍ","No") -> No | K14: 83.42 | L14: 542.97
A15: RENAULT (AH 530 QG) | B15: ='Km diarios'!AF15 -> 3510 | C15: 3451.65 | D15: =C15-B15 -> -58.35 | E15: ='Km diarios'!AG15 -> 24 | F15: ='Km diarios'!AH15 -> 146.25 | G15: =IFERROR(B15/B$16,0) -> 0.14862805 | H15: 115 | I15: 41 | J15: =IF(H15>120,"SÍ","No") -> No | K15: 66.28 | L15: 652.74
A16: TOTAL / PROMEDIO FLOTA | B16: =SUM(B5:B15) -> 23616 | C16: =SUM(C5:C15) -> 23175.81 | D16: =C16-B16 -> -440.19 | E16: =SUM(E5:E15) -> 201 | F16: =IFERROR(B16/E16,0) -> 117.49254 | G16: =SUM(G5:G15) -> 1 | H16: =MAX(H5:H15) -> 174 | J16: =COUNTIF(J5:J15,"SÍ")&" vehículos" -> 3 vehículos | K16: =SUM(K5:K15) -> 574.94 | L16: =SUM(L5:L15) -> 4412.56
A18: Horas en movimiento / detenido: tiempos de Gestya (movimiento = vehículo desplazándose). NO equivalen a horas de motor encendido/apagado: el dato de motor (reporte 'Horas de Marcha') queda pendiente.

Sheet Km diarios
A1: Kilómetros recorridos por día — Septiembre 2026
A2: Fuente: Gestya, reporte Distancias Diarias (distancia reportada por odómetro, km redondeados). Período 01/09/2026 00:00 – 30/09/2026 23:59.
A4: Vehículo | B4: 01/09 | C4: 02/09 | D4: 03/09 | E4: 04/09 | F4: 05/09 | G4: 06/09 | H4: 07/09 | I4: 08/09 | J4: 09/09 | K4: 10/09 | L4: 11/09 | M4: 12/09 | N4: 13/09 | O4: 14/09 | P4: 15/09 | Q4: 16/09 | R4: 17/09 | S4: 18/09 | T4: 19/09 | U4: 20/09 | V4: 21/09 | W4: 22/09 | X4: 23/09 | Y4: 24/09 | Z4: 25/09 | AA4: 26/09 | AB4: 27/09 | AC4: 28/09 | AD4: 29/09 | AE4: 30/09 | AF4: Total mes | AG4: Días con uso | AH4: Prom. km/día activo
A5: CITROEN (NWG 124) | B5: 106 | C5: 121 | D5: 119 | E5: 121 | F5: 61 | G5: 0 | H5: 132 | I5: 54 | J5: 0 | K5: 0 | L5: 0 | M5: 0 | N5: 0 | O5: 0 | P5: 0 | Q5: 0 | R5: 0 | S5: 0 | T5: 0 | U5: 0 | V5: 0 | W5: 0 | X5: 0 | Y5: 0 | Z5: 0 | AA5: 0 | AB5: 0 | AC5: 0 | AD5: 0 | AE5: 0 | AF5: =SUM(B5:AE5) -> 714 | AG5: =COUNTIF(B5:AE5,">0") -> 7 | AH5: =IFERROR(AF5/AG5,0) -> 102
A6: FORD (AE 241 FS) | B6: 0 | C6: 60 | D6: 0 | E6: 220 | F6: 227 | G6: 0 | H6: 0 | I6: 0 | J6: 0 | K6: 76 | L6: 0 | M6: 0 | N6: 0 | O6: 0 | P6: 0 | Q6: 0 | R6: 1 | S6: 226 | T6: 214 | U6: 0 | V6: 4 | W6: 0 | X6: 0 | Y6: 5 | Z6: 23 | AA6: 11 | AB6: 0 | AC6: 0 | AD6: 64 | AE6: 5 | AF6: =SUM(B6:AE6) -> 1136 | AG6: =COUNTIF(B6:AE6,">0") -> 13 | AH6: =IFERROR(AF6/AG6,0) -> 87.384615
A7: FORD (AF 630 PC) | B7: 143 | C7: 105 | D7: 146 | E7: 159 | F7: 72 | G7: 0 | H7: 147 | I7: 156 | J7: 153 | K7: 72 | L7: 152 | M7: 33 | N7: 0 | O7: 101 | P7: 108 | Q7: 70 | R7: 59 | S7: 56 | T7: 33 | U7: 0 | V7: 176 | W7: 148 | X7: 142 | Y7: 149 | Z7: 161 | AA7: 85 | AB7: 0 | AC7: 0 | AD7: 149 | AE7: 152 | AF7: =SUM(B7:AE7) -> 2927 | AG7: =COUNTIF(B7:AE7,">0") -> 25 | AH7: =IFERROR(AF7/AG7,0) -> 117.08
A8: M BENZ (AG 281 ZJ) | B8: 0 | C8: 282 | D8: 799 | E8: 174 | F8: 120 | G8: 0 | H8: 306 | I8: 360 | J8: 229 | K8: 441 | L8: 179 | M8: 204 | N8: 0 | O8: 12 | P8: 0 | Q8: 279 | R8: 750 | S8: 268 | T8: 0 | U8: 0 | V8: 304 | W8: 393 | X8: 159 | Y8: 452 | Z8: 189 | AA8: 225 | AB8: 0 | AC8: 0 | AD8: 0 | AE8: 276 | AF8: =SUM(B8:AE8) -> 6401 | AG8: =COUNTIF(B8:AE8,">0") -> 21 | AH8: =IFERROR(AF8/AG8,0) -> 304.80952
A9: M. BENZ (AE 149 OR) | B9: 64 | C9: 50 | D9: 56 | E9: 36 | F9: 0 | G9: 0 | H9: 51 | I9: 67 | J9: 67 | K9: 64 | L9: 58 | M9: 74 | N9: 0 | O9: 15 | P9: 85 | Q9: 145 | R9: 138 | S9: 160 | T9: 75 | U9: 0 | V9: 36 | W9: 64 | X9: 63 | Y9: 49 | Z9: 106 | AA9: 0 | AB9: 0 | AC9: 0 | AD9: 4 | AE9: 31 | AF9: =SUM(B9:AE9) -> 1558 | AG9: =COUNTIF(B9:AE9,">0") -> 23 | AH9: =IFERROR(AF9/AG9,0) -> 67.73913
A10: M. BENZ (OUG 184) | B10: 0 | C10: 0 | D10: 0 | E10: 60 | F10: 0 | G10: 0 | H10: 0 | I10: 5 | J10: 0 | K10: 17 | L10: 0 | M10: 0 | N10: 0 | O10: 0 | P10: 0 | Q10: 10 | R10: 0 | S10: 0 | T10: 0 | U10: 0 | V10: 50 | W10: 30 | X10: 37 | Y10: 21 | Z10: 21 | AA10: 24 | AB10: 0 | AC10: 0 | AD10: 4 | AE10: 0 | AF10: =SUM(B10:AE10) -> 279 | AG10: =COUNTIF(B10:AE10,">0") -> 11 | AH10: =IFERROR(AF10/AG10,0) -> 25.363636
A11: RENAULT (AE 547 NW) | B11: 249 | C11: 32 | D11: 29 | E11: 36 | F11: 41 | G11: 0 | H11: 53 | I11: 266 | J11: 31 | K11: 21 | L11: 72 | M11: 48 | N11: 0 | O11: 272 | P11: 44 | Q11: 51 | R11: 281 | S11: 38 | T11: 53 | U11: 2 | V11: 263 | W11: 49 | X11: 50 | Y11: 270 | Z11: 46 | AA11: 40 | AB11: 0 | AC11: 0 | AD11: 272 | AE11: 112 | AF11: =SUM(B11:AE11) -> 2721 | AG11: =COUNTIF(B11:AE11,">0") -> 26 | AH11: =IFERROR(AF11/AG11,0) -> 104.65385
A12: RENAULT (AE 615 LU) | B12: 63 | C12: 43 | D12: 144 | E12: 65 | F12: 25 | G12: 0 | H12: 8 | I12: 101 | J12: 92 | K12: 137 | L12: 86 | M12: 31 | N12: 0 | O12: 36 | P12: 60 | Q12: 72 | R12: 34 | S12: 118 | T12: 22 | U12: 0 | V12: 43 | W12: 66 | X12: 147 | Y12: 144 | Z12: 58 | AA12: 22 | AB12: 0 | AC12: 0 | AD12: 50 | AE12: 40 | AF12: =SUM(B12:AE12) -> 1707 | AG12: =COUNTIF(B12:AE12,">0") -> 25 | AH12: =IFERROR(AF12/AG12,0) -> 68.28
A13: RENAULT (AF 751 HM) | B13: 0 | C13: 0 | D13: 0 | E13: 0 | F13: 0 | G13: 0 | H13: 0 | I13: 0 | J13: 0 | K13: 0 | L13: 0 | M13: 0 | N13: 0 | O13: 0 | P13: 0 | Q13: 0 | R13: 0 | S13: 0 | T13: 0 | U13: 0 | V13: 0 | W13: 0 | X13: 0 | Y13: 0 | Z13: 0 | AA13: 0 | AB13: 0 | AC13: 0 | AD13: 0 | AE13: 0 | AF13: =SUM(B13:AE13) -> 0 | AG13: =COUNTIF(B13:AE13,">0") -> 0 | AH13: =IFERROR(AF13/AG13,0) -> 0
A14: RENAULT (AH 387 NS) | B14: 109 | C14: 101 | D14: 148 | E14: 115 | F14: 53 | G14: 0 | H14: 114 | I14: 140 | J14: 132 | K14: 92 | L14: 107 | M14: 109 | N14: 16 | O14: 122 | P14: 27 | Q14: 133 | R14: 114 | S14: 131 | T14: 85 | U14: 0 | V14: 104 | W14: 97 | X14: 110 | Y14: 116 | Z14: 111 | AA14: 86 | AB14: 0 | AC14: 0 | AD14: 86 | AE14: 105 | AF14: =SUM(B14:AE14) -> 2663 | AG14: =COUNTIF(B14:AE14,">0") -> 26 | AH14: =IFERROR(AF14/AG14,0) -> 102.42308
A15: RENAULT (AH 530 QG) | B15: 7 | C15: 23 | D15: 192 | E15: 181 | F15: 199 | G15: 0 | H15: 51 | I15: 0 | J15: 183 | K15: 98 | L15: 403 | M15: 99 | N15: 0 | O15: 5 | P15: 114 | Q15: 9 | R15: 269 | S15: 304 | T15: 194 | U15: 0 | V15: 107 | W15: 164 | X15: 354 | Y15: 2 | Z15: 262 | AA15: 237 | AB15: 0 | AC15: 0 | AD15: 43 | AE15: 10 | AF15: =SUM(B15:AE15) -> 3510 | AG15: =COUNTIF(B15:AE15,">0") -> 24 | AH15: =IFERROR(AF15/AG15,0) -> 146.25
A16: TOTAL FLOTA | B16: =SUM(B5:B15) -> 741 | C16: =SUM(C5:C15) -> 817 | D16: =SUM(D5:D15) -> 1633 | E16: =SUM(E5:E15) -> 1167 | F16: =SUM(F5:F15) -> 798 | G16: =SUM(G5:G15) -> 0 | H16: =SUM(H5:H15) -> 862 | I16: =SUM(I5:I15) -> 1149 | ... AF16: =SUM(AF5:AF15) -> 23616 | AG16: =COUNTIF(B16:AE16,">0") -> 27 | AH16: =IFERROR(AF16/AG16,0) -> 874.66667
A18: Notas del analista:
A19: • Domingos (06, 13, 20 y 27/09) y 27-28/09 sin actividad prácticamente en toda la flota.
A20: • Citroën NWG 124: deja de reportar desde el 10/09 → probable falla o desconexión del equipo GPS.
A21: • Renault AF 751 HM: 0 km todo el mes → vehículo inmovilizado o equipo sin comunicación.
A22: • Ford AE 241 FS: la distancia calculada por GPS (2.341 km) duplica la del odómetro (1.137 km) por saltos de señal; se toma el odómetro.

Sheet Excesos >120 km-h
A1: Excesos de velocidad > 120 km/h — Septiembre 2026
A2: ESTADO: PRELIMINAR. Se identifican los vehículos según la velocidad máxima del mes. El detalle de cada evento (fecha, hora, ubicación, duración) queda pendiente del reporte 'Excesos de Velocidad' de Gestya.
A4: Vehículo | B4: Vel. máxima del mes (km/h) | C4: Exceso sobre 120 (km/h) | D4: Nivel de riesgo
A5: RENAULT (AE 547 NW) | B5: 174 | C5: =B5-120 -> 54 | D5: =IF(C5>=30,"ALTO",IF(C5>=10,"MEDIO","BAJO")) -> ALTO
A6: RENAULT (AE 615 LU) | B6: 127 | C6: =B6-120 -> 7 | D6: =IF(C6>=30,"ALTO",IF(C6>=10,"MEDIO","BAJO")) -> BAJO
A7: FORD (AF 630 PC) | B7: 122 | C7: =B7-120 -> 2 | D7: =IF(C7>=30,"ALTO",IF(C7>=10,"MEDIO","BAJO")) -> BAJO
A9: Lectura: el Renault AE 547 NW llegó a 174 km/h (54 km/h por encima del límite) — es el caso prioritario para hablar con el conductor.

Sheet Uso de motor
A1: Horario de uso del motor — Septiembre 2026
A2: PENDIENTE: los datos de horas de motor encendido/apagado (reportes 'Horas de Marcha' y 'Motor Estacionario' de Gestya) no se pudieron extraer porque se cortó la conexión con el navegador.
A4: Vehículo | B4: Horas motor encendido | C4: Horas motor apagado | D4: Hora 1er encendido (prom.) | E4: Hora último apagado (prom.) | F4: Horas en ralentí
A5: CITROEN (NWG 124)
A6: FORD (AE 241 FS)
A7: FORD (AF 630 PC)
A8: M BENZ (AG 281 ZJ)
A9: M. BENZ (AE 149 OR)
A10: M. BENZ (OUG 184)
A11: RENAULT (AE 547 NW)
A12: RENAULT (AE 615 LU)
A13: RENAULT (AF 751 HM)
A14: RENAULT (AH 387 NS)
A15: RENAULT (AH 530 QG)
